Set_Name,Theme,Pieces,Price,Theme_or_not
Extra Dots - Series 2,DOTS,109.0,3.99,No
Extra Dots - Series 1,DOTS,109.0,3.99,No
Creative Blue Bricks,Classic,52.0,4.99,No
Creative Green Bricks,Classic,60.0,4.99,No
Funky Animals Bracelet,DOTS,33.0,4.99,No
Sparkly Unicorn Bracelet,DOTS,33.0,4.99,No
Cosmic Wonder Bracelet,DOTS,33.0,4.99,No
Go Team! Bracelet,DOTS,33.0,4.99,No
Love Birds Bracelet,DOTS,33.0,4.99,No
Magic Forest Bracelet,DOTS,33.0,4.99,No
Power Bracelet,DOTS,33.0,4.99,No
Fire Truck,DUPLO,6.0,6.99,No
Tow Truck,DUPLO,7.0,6.99,No
Stephanie's Summer Heart Box,Friends,95.0,7.99,No
White Baseplate,Classic,1.0,7.99,No
My First Tow Truck,DUPLO,11.0,9.99,No
Woody & RC,Disney,69.0,9.99,Yes
Mia's Summer Heart Box,Friends,85.0,7.99,No
Olivia's Summer Heart Box,Friends,93.0,7.99,No
Police Patrol Car,City,92.0,9.99,No
Prince Puppycorn Trike,Unikitty,101.0,9.99,No
Kai Avatar - Arcade Pod,NINJAGO,49.0,9.99,No
Jay Avatar - Arcade Pod,NINJAGO,47.0,9.99,No
My First Minnie Build,Disney,10.0,9.99,Yes
Police Bike,DUPLO,8.0,9.99,No
Pizza Stand,DUPLO,18.0,9.99,No
Emma's Mobile Veterinary Clinic ,Friends,50.0,9.99,No
Barbecue Burn Out,City,64.0,9.99,No
Monster Truck,City,55.0,9.99,No
Jet Patrol,City,54.0,9.99,No
Construction Loader,City,88.0,9.99,No
Stunt Team,City,62.0,9.99,No
Cole's Speeder Car,NINJAGO,52.0,9.99,No
Ice Cream Cart,Friends,97.0,9.99,No
Puppy Playground,Friends,57.0,9.99,No
Police Dog Unit,City,67.0,9.99,No
Resistance Y-wing Microfighter,Star Wars,86.0,9.99,Yes
Street Sweeper,City,89.0,9.99,No
Mail Plane,City,74.0,9.99,No
Satellite Service Mission,City,84.0,9.99,No
Forest Fire,City,84.0,9.99,No
Jungle Raider,NINJAGO,127.0,9.99,No
Unikitty Cloud Car,Unikitty,126.0,9.99,No
My First Race Car,DUPLO,6.0,4.99,No
Ocean Mini-Submarine,City,41.0,9.99,No
Olivia's Flower Garden,Friends,92.0,9.99,No
Aurora's Royal Carriage,Disney,62.0,9.99,Yes
Lloyd Avatar - Arcade Pod,NINJAGO,48.0,9.99,No
Moana's Ocean Adventure,Disney,46.0,9.99,Yes
The Taiga Adventure,Minecraft,74.0,9.99,Yes
Kylo Ren's Shuttle Microfighter,Star Wars,72.0,9.99,Yes
Thanos Mech,Marvel,152.0,9.99,Yes
Iron Man Mech,Marvel,148.0,9.99,Yes
Spider-Man Mech,Marvel,152.0,9.99,Yes
Propeller Plane,Creator 3-in-1,128.0,9.99,No
Sports Car,Creator 3-in-1,134.0,9.99,No
Batboat The Penguin Pursuit!,Batman,54.0,9.99,Yes
Bricks and Ideas,Classic,123.0,9.99,No
Mighty Micros: Scarlet Spider vs. Sandman,Marvel,89.0,9.99,Yes
Farm Animals,DUPLO,16.0,9.99,No
My First Mickey Build,Disney,9.0,9.99,Yes
Arctic Exploration Team,City,70.0,9.99,No
BigFig Pig with Baby Zombie,Minecraft,159.0,14.99,Yes
Dune Buggy,Creator 3-in-1,147.0,12.99,No
BigFig Creeper and Ocelot,Minecraft,184.0,14.99,Yes
Monster Truck,Creator 3-in-1,163.0,14.99,No
Curves & Crossroad,City,2.0,14.99,No
Unikitty's Sweetest Friends EVER!,THE LEGO MOVIE 2,76.0,9.99,No
Olivia's Heart Box,Friends,85.0,7.99,No
Buggy,Technic,117.0,12.99,No
Chevrolet Camaro ZL1 Race Car,Speed Champions,198.0,14.99,Unknown
McLaren Senna,Speed Champions,219.0,14.99,Unknown
Futuristic Flyer,Creator 3-in-1,157.0,14.99,No
Deep Sea Creatures,Creator 3-in-1,230.0,14.99,No
Gamora,BrickHeadz,136.0,9.99,Unknown
Mini CLAAS XERION,Technic,130.0,12.99,No
1974 Porsche 911 Turbo 3.0,Speed Champions,180.0,14.99,Unknown
Sith Troopers Battle Pack,Star Wars,105.0,14.99,Yes
Mandalorian Battle Pack,Star Wars,102.0,14.99,Yes
Blue Baseplate,Classic,1.0,7.99,No
Playroom,DUPLO,17.0,14.99,No
Straight & T-Junction ,City,2.0,14.99,No
Death Star Cannon,Star Wars,159.0,19.99,Yes
Rainbow Fun,Classic,85.0,4.99,No
Han Solo,Star Wars,141.0,9.99,Yes
Arctic Ice Glider,City,50.0,6.99,No
Olaf,LEGO Frozen 2,122.0,14.99,Yes
Switch Tracks,City,8.0,15.99,No
Spinjitzu Slam - Jay,NINJAGO,72.0,9.99,No
Cat Mario Power-Up Pack,LEGO Super Mario,11.0,9.99,Yes
Emma's Summer Heart Box,Friends,86.0,7.99,No
Rainbow Jewellery Stand,DOTS,213.0,14.99,No
Bedroom,DUPLO,16.0,14.99,No
Animal Picture Holders,DOTS,423.0,14.99,No
Stephanie's Heart Box,Friends,85.0,7.99,No
Andrea's Summer Heart Box,Friends,83.0,7.99,No
Cole - Dragon Master,NINJAGO,92.0,14.99,No
The Samurai Mech,NINJAGO,154.0,14.99,No
Introducing Queen Watevra Wa'Nabi,THE LEGO MOVIE 2,115.0,19.99,No
Ferrari F40 Competizione,Speed Champions,198.0,14.99,Unknown
Helicopter Adventure,Creator 3-in-1,114.0,9.99,No
Spinjitzu Slam - Lloyd,NINJAGO,70.0,9.99,No
Mia's Play Cube - Cinema,Friends,37.0,9.99,No
Fire Mario Power-Up Pack ,LEGO Super Mario,11.0,9.99,Yes
Monastery Training,NINJAGO,122.0,9.99,No
Systar Party Crew,THE LEGO MOVIE 2,196.0,19.99,No
Party Time,Unikitty,214.0,19.99,No
Mulan's Storybook Adventures,Disney,124.0,19.99,Yes
Toy Story Train,Disney,21.0,19.99,Yes
Creative Suitcase,Classic,213.0,19.99,No
Carnival Thrill Coaster,Disney,98.0,19.99,Yes
Expecto Patronum,Harry Potter,121.0,19.99,Yes
Vulture's Trucker Robbery,Marvel,93.0,19.99,Yes
Captain America: Outriders Attack,Marvel,167.0,19.99,Yes
Cole's Dirt Bike,NINJAGO,212.0,19.99,No
The Rise of Voldemort,Harry Potter,184.0,19.99,Yes
Mia's Foal Stable ,Friends,118.0,19.99,No
Welcome to the Hidden Side,Hidden Side,189.0,19.99,No
The Chicken Coop,Minecraft,198.0,19.99,Yes
The End Battle,Minecraft,222.0,19.99,Yes
Construction Bulldozer,City,126.0,19.99,No
Avengers Speeder Bike Attack,Marvel,226.0,19.99,Yes
My First Ladybird,DUPLO,6.0,4.99,No
My First Car Creations,DUPLO,34.0,19.99,No
Snow Groomer,City,197.0,19.99,No
Anna's Canoe Expedition,LEGO Frozen 2,108.0,19.99,Yes
Diving Yacht,City,148.0,19.99,No
Emmet's Thricycle!,THE LEGO MOVIE 2,174.0,14.99,No
Garbage Truck,City,90.0,19.99,No
Anna and Elsa's Storybook Adventures,LEGO Frozen 2,133.0,19.99,Yes
Ariel's Storybook Adventures,Disney,105.0,19.99,Yes
Belle's Storybook Adventures,Disney,111.0,19.99,Yes
Aquaman,BrickHeadz,135.0,9.99,Unknown
Mountain Fugitives,City,88.0,9.99,No
Jasmine's Petite Tower,Disney,49.0,9.99,Yes
Poppy's Pod,Trolls World Tour,103.0,19.99,Yes
Techno Reef Dance Party,Trolls World Tour,173.0,19.99,Yes
The Zombie Cave,Minecraft,241.0,19.99,Yes
Emma's Play Cube - Toy Store,Friends,49.0,9.99,No
Andrea's Heart Box,Friends,84.0,7.99,No
Speed Record Car,City,78.0,9.99,No
Jack's Beach Buggy,Hidden Side,170.0,19.99,No
The Wool Farm,Minecraft,260.0,19.99,Yes
Duel on Mustafar ,Star Wars,208.0,19.99,Yes
Rex's Rex-treme Offroader!,THE LEGO MOVIE 2,236.0,29.99,No
Rocket Truck,Creator 3-in-1,198.0,19.99,No
Imperial Patrol Battle Pack,Star Wars,99.0,14.99,Yes
The Panda Nursery,Minecraft,204.0,19.99,Yes
Police Pursuit,Technic,120.0,19.99,No
Builder Mario Power-Up Pack,LEGO Super Mario,10.0,9.99,Yes
Good Morning Sparkle Babies!,THE LEGO MOVIE 2,50.0,9.99,No
Unstoppable Bike Chase,Minions,136.0,19.99,Yes
Ice-Cream Truck,City,200.0,19.99,No
Emma's Heart Box,Friends,85.0,7.99,No
Mulan's Training Day,Disney,104.0,14.99,Yes
Elsa and Olaf's Tea Party,DUPLO,17.0,19.99,No
Olivia's Play Cube - Researcher,Friends,40.0,9.99,No
Mia's Play Cube - Veterinarian,Friends,40.0,9.99,No
Emma's Play Cube - Photographer,Friends,36.0,9.99,No
Basic Brick Set ,Classic,300.0,19.99,No
Underwater Robot,Creator 3-in-1,207.0,19.99,No
Sunset Track Racer,Creator 3-in-1,221.0,19.99,No
Andrea's Car & Stage,Friends,240.0,19.99,No
Heart Box,DUPLO,80.0,19.99,No
Submarine Adventure,DUPLO,24.0,19.99,No
Fire Truck,DUPLO,21.0,19.99,No
Minnie's Birthday Party,Disney,21.0,19.99,Yes
Train Tracks,DUPLO,23.0,19.99,No
Spinjitzu Zane,NINJAGO,109.0,9.99,No
Juice Truck,Friends,103.0,19.99,No
Kai's Fire Dragon,NINJAGO,81.0,19.99,No
Safari Off-Roader,City,168.0,19.99,No
Heartlake City Hair Salon,Friends,235.0,19.99,No
T-16 Skyhopper vs Bantha Microfighters,Star Wars,198.0,19.99,Yes
Kai's Mech Jet,NINJAGO,217.0,19.99,No
Tracks,City,20.0,19.99,No
Naboo Starfighter Microfighter,Star Wars,62.0,9.99,Yes
Spinjitzu Slam - Zane,NINJAGO,63.0,9.99,No
Stephanie's Play Cube - Baker,Friends,44.0,9.99,No
Mia's Heart Box,Friends,83.0,7.99,No
Olivia's Play Cube - Sweet Shop,Friends,47.0,9.99,No
Desert Rally Racer,City,75.0,9.99,No
Race Truck,Technic,227.0,19.99,No
Hook Loader,Technic,176.0,14.99,No
Andrea's Play Cube - Singer,Friends,49.0,9.99,No
Rapunzel's Small Tower,Disney,44.0,9.99,Yes
Mia's Forest Adventures ,Friends,134.0,14.99,No
Nissan GT-R NISMO,Speed Champions,298.0,19.99,Unknown
Cyborg,BrickHeadz,108.0,9.99,Unknown
Cole - Spinjitzu Master,NINJAGO,73.0,9.99,No
Zane - Dragon Master,NINJAGO,92.0,14.99,No
Extreme Engines,Creator 3-in-1,109.0,9.99,No
Mighty Micros: Star-Lord vs. Nebula,Marvel,86.0,9.99,Yes
My First Fun Puzzle,DUPLO,15.0,19.99,No
Fire Dragon,Creator 3-in-1,234.0,19.99,No
Zane - Spinjitzu Master,NINJAGO,69.0,9.99,No
Andrea's Play Cube - Pet Shop,Friends,40.0,9.99,No
Bubbles Playground Showdown,Powerpuff Girls,144.0,19.99,Yes
Benny's Space Squad,THE LEGO MOVIE 2,68.0,9.99,No
Drone Explorer,Creator 3-in-1,109.0,9.99,No
Lloyd's Journey,NINJAGO,81.0,14.99,No
Olivia's Hamster Playground,Friends,81.0,9.99,No
Desk Organiser,DOTS,405.0,19.99,No
Elsa,BrickHeadz,130.0,9.99,Unknown
Snowspeeder,Star Wars,91.0,19.99,Yes
Hogwarts Room of Requirement,Harry Potter,193.0,19.99,Yes
Dr. Wu's Lab: Baby Dinosaurs Breakout,Jurassic World,164.0,19.99,Yes
Heartlake City Park CafÃÂÃÂÃÂÃÂ©,Friends,224.0,19.99,No
Spider-Man vs. Doc Ock,Marvel,234.0,19.99,Yes
Ferrari F8 Tributo,Speed Champions,275.0,19.99,Unknown
1985 Audi Sport Quattro S1,Speed Champions,250.0,19.99,Unknown
Bricks and Houses,Classic,270.0,19.99,No
The Mandalorian & The Child,Star Wars,295.0,19.99,Yes
Desert Pokey,LEGO Super Mario,180.0,19.99,Yes
Emmet and Benny's 'Build and Fix' Workshop!,THE LEGO MOVIE 2,117.0,19.99,No
Jewellery Box,DOTS,374.0,19.99,No
Pineapple Pencil Holder,DOTS,351.0,19.99,No
Duke Caboom's Stunt Show,Disney,120.0,19.99,Yes
Golden Dragon Master,NINJAGO,92.0,14.99,No
J.B.'s Submarine,Hidden Side,224.0,19.99,No
Battle-Ready Batman and MetalBeard,Batman,168.0,19.99,Yes
Baby Elephant Jungle Rescue,Friends,203.0,19.99,No
Dragster,Technic,225.0,19.99,No
Wrecking Ball,Overwatch,227.0,19.99,Yes
Getaway Truck,Technic,128.0,19.99,No
Whomp's Lava Trouble,LEGO Super Mario,133.0,19.99,Yes
Kai - Dragon Master,NINJAGO,92.0,14.99,No
Rey,Star Wars,119.0,9.99,Yes
Batman vs. The Riddler Robbery,Batman,59.0,9.99,Yes
World Fun,Classic,295.0,19.99,No
Baby Animals,DUPLO,9.0,9.99,No
Mining Power Splitter,City,127.0,19.99,No
Buzz and Bo Peep's Playground Adventure,Disney,139.0,24.99,Yes
Tracer vs. Widowmaker,Overwatch,129.0,14.99,Yes
Spinjitzu Slam - Kai vs. Samurai,NINJAGO,164.0,19.99,No
Outrider Dropship Attack,Marvel,124.0,14.99,Yes
Han Solo,Star Wars,101.0,24.99,Yes
Shuttle Transporter,Creator 3-in-1,341.0,24.99,No
Alphabet Truck,DUPLO,36.0,24.99,No
Train Bridge and Tracks,DUPLO,26.0,24.99,No
Mining Team,City,82.0,9.99,No
Elsa's Market Adventure,Disney,125.0,19.99,Yes
Drone Chase,City,192.0,29.99,No
Jay - Dragon Master,NINJAGO,92.0,14.99,No
Airport,DUPLO,29.0,24.99,No
Minecraft Alex BigFig with Chicken,Minecraft,160.0,14.99,Yes
Cherry Picker,Technic,155.0,9.99,No
Molten Man Battle,Spider-Man,294.0,29.99,Yes
Spider-Man Car Chase,Marvel,52.0,9.99,Yes
J.B.'s Ghost Lab,Hidden Side,174.0,19.99,No
Hoth Generator Attack,Star Wars,235.0,29.99,Yes
Kylo Ren,Star Wars,130.0,9.99,Yes
Kayak Adventure,City,84.0,9.99,No
Plane,DUPLO,12.0,9.99,No
Airshow Jet,City,87.0,9.99,No
Sith Infiltrator Microfighter,Star Wars,92.0,9.99,Yes
Star-Lord,BrickHeadz,113.0,9.99,Unknown
Dock Side Fire,City,97.0,19.99,No
Graveyard Mystery,Hidden Side,335.0,29.99,No
Fire Helicopter Response,City,93.0,29.99,No
Hungarian Horntail Triwizard Challenge,Harry Potter,265.0,29.99,Yes
Elsa and the Reindeer Carriage,LEGO Frozen 2,116.0,29.99,Yes
Racing Cars,City,190.0,29.99,No
Ultrakatty & Warrior Lucy!,THE LEGO MOVIE 2,348.0,29.99,No
Lonesome Flats Raft Adventure,Trolls World Tour,159.0,29.99,Yes
Cinderella's Castle Celebration,Disney,168.0,29.99,Yes
Wrecked Shrimp Boat,Hidden Side,310.0,29.99,No
Jay and Lloyd's Velocity Racers,NINJAGO,322.0,29.99,No
Underwater Loop,Friends,389.0,29.99,No
Fire Chief Response Truck,City,201.0,29.99,No
Windows of Creativity,Classic,450.0,29.99,No
Rover Testing Drive,City,202.0,29.99,No
Shuricopter,NINJAGO,361.0,29.99,No
The Blaze Bridge,Minecraft,372.0,29.99,Yes
2018 Dodge Challenger SRT Demon and 1970 Dodge Charger R/T,Speed Champions,478.0,29.99,Unknown
Hanzo vs. Genji,Overwatch,197.0,19.99,Yes
Resistance A-wing Starfighter,Star Wars,269.0,29.99,Yes
Mia's Organic Food Market,Friends,115.0,19.99,No
Poppy's Air Balloon Adventure,Trolls World Tour,250.0,29.99,Yes
Bracelet Mega Pack,DOTS,300.0,24.99,No
First Order TIE Fighter Microfighter,Star Wars,91.0,9.99,Yes
Nya - Spinjitzu Master,NINJAGO,69.0,9.99,No
Pteranodon Escape,Juniors,84.0,19.99,Unknown
The Pillager Outpost,Minecraft,303.0,29.99,Yes
The Menace of Mysterio,Marvel,163.0,29.99,Yes
Minecraft Skeleton BigFig with Magma Cube,Minecraft,142.0,14.99,Yes
Monster Truck,City,192.0,19.99,No
Brick Box,DUPLO,65.0,29.99,No
Police Highway Arrest,City,185.0,29.99,No
My First Animal Brick Box,DUPLO,34.0,29.99,No
Super Heroes Lab,DUPLO,30.0,29.99,No
Gamer's Market,NINJAGO,218.0,29.99,No
Nature Glamping,Friends,241.0,29.99,No
Empire Dragon,NINJAGO,286.0,29.99,No
Olivia's Cupcake Cafe,Friends,335.0,29.99,No
Race Boat Transporter,City,238.0,29.99,No
Wild River Escape,City,126.0,19.99,No
Service & Care Truck,Friends,247.0,19.99,No
War Machine Buster,Marvel,362.0,34.99,Yes
El Fuego's Stunt Truck,Hidden Side,428.0,39.99,No
Anakin's Jedi Starfighter,Star Wars,247.0,19.99,Yes
The Golden Dragon,NINJAGO,171.0,19.99,No
Tatooine Battle Pack,Star Wars,97.0,14.99,Yes
Obi-Wan's Hut,Star Wars,200.0,29.99,Yes
Mythical Creatures,Creator 3-in-1,223.0,14.99,No
Heart Box Friendship Pack,Friends,199.0,19.99,No
RV Vacation,Disney,178.0,34.99,Yes
Mighty Micros: Thor vs. Loki,Marvel,79.0,9.99,Yes
Duel on Starkiller Base,Star Wars,191.0,19.99,Yes
Stephanie's Bedroom,Friends,95.0,9.99,No
Race Plane,Creator 3-in-1,333.0,29.99,No
Action Battle Endor Assault,Star Wars,193.0,29.99,Yes
Ski Speeder vs. First Order Walker Microfighters,Star Wars,216.0,19.99,Yes
Anakin's Podracer ÃÂÃÂÃÂÃÂ 20th Anniversary Edition,Star Wars,279.0,29.99,Yes
Spinjitzu Jay,NINJAGO,97.0,9.99,No
Spinjitzu Cole,NINJAGO,117.0,9.99,No
Dilophosaurus on the Loose,Jurassic World,168.0,19.99,Yes
Minecraft Steve BigFig with Parrot,Minecraft,159.0,14.99,Yes
Luke Skywalker's Landspeeder,Star Wars,236.0,29.99,Yes
Jay - Spinjitzu Master,NINJAGO,68.0,9.99,No
Spinjitzu Nya & Wu,NINJAGO,227.0,19.99,No
Aragog's Lair,Harry Potter,157.0,14.99,Yes
Anakin's Jedi Interceptor,Star Wars,248.0,29.99,Yes
A-Wing vs. TIE Silencer Microfighters,Star Wars,188.0,19.99,Yes
Velociraptor: Biplane Rescue Mission,Jurassic World,101.0,29.99,Yes
Forbidden Forest: Umbridge's Encounter,Harry Potter,253.0,29.99,Yes
Spiderjet vs. Venom Mech,Marvel,371.0,29.99,Yes
El Fuego's Stunt Plane,Hidden Side,295.0,29.99,No
Newbury Subway,Hidden Side,348.0,29.99,No
Emma's Fashion Shop,Friends,343.0,29.99,No
Panda Jungle Tree House,Friends,265.0,29.99,No
Formula E Panasonic Jaguar Racing GEN2 Car & Jaguar I-PACE eTROPHY,Speed Champions,565.0,29.99,Unknown
Piranha Plant Power Slide,LEGO Super Mario,217.0,29.99,Yes
BASH!,Technic,139.0,19.99,No
Bakery,DUPLO,46.0,34.99,No
Police Station,DUPLO,38.0,29.99,No
Kai - Spinjitzu Master,NINJAGO,61.0,9.99,No
First Order Specialists Battle Pack,Star Wars,108.0,14.99,Yes
X-wing Starfighter Trench Run,Star Wars,132.0,29.99,Yes
Supernatural Race Car,Hidden Side,244.0,29.99,No
Boomer Bill Barrage,LEGO Super Mario,132.0,29.99,Yes
Spinjitzu Kai,NINJAGO,97.0,9.99,No
Ariel's Underwater Concert,Juniors,92.0,14.99,Unknown
Emmet and Lucy's Visitors from the DUPLO Planet,THE LEGO MOVIE 2,53.0,29.99,No
Ford Fiesta M-Sport WRC,Speed Champions,203.0,14.99,Unknown
Off-Road Chase,City,37.0,6.99,No
Queen Watevra's Build Whatever Box!,THE LEGO MOVIE 2,455.0,39.99,No
Turtles Rescue Mission,Friends,225.0,19.99,No
Parachute Arrest,City,218.0,39.99,No
City Advent Calendar,City,234.0,29.99,No
Pteranodon Chase,Jurassic World,126.0,19.99,Yes
Dolphins Rescue Mission,Friends,363.0,39.99,No
Spider-Man Bike Rescue,Marvel,235.0,19.99,Yes
People Pack - Fun Fair,City,183.0,39.99,No
Elsa's Jewellery Box,LEGO Frozen 2,300.0,39.99,Yes
Ninja Tuner Car,NINJAGO,419.0,39.99,No
Mars Research Shuttle,City,273.0,39.99,No
The Knight Bus,Harry Potter,403.0,39.99,Yes
Fire Fang,NINJAGO,463.0,39.99,No
My First Emotions,DUPLO,28.0,19.99,No
Batman: The Attack of the Talons,Batman,155.0,19.99,Yes
Buzz & Woody's Carnival Mania!,Disney,230.0,49.99,Yes
Volcano Rock City Concert,Trolls World Tour,387.0,39.99,Yes
Stephanie's Buggy & Trailer ,Friends,166.0,19.99,No
Road Repair Truck,Juniors,73.0,9.99,Unknown
Heartlake City Supermarket,Friends,140.0,29.99,No
Katana V11,NINJAGO,257.0,19.99,No
Elastigirl's Rooftop Pursuit,Juniors,95.0,19.99,Unknown
Rescue Helicopter,Technic,325.0,39.99,No
Belle's Story Time,Juniors,87.0,14.99,Unknown
Thanos,BrickHeadz,105.0,9.99,Unknown
Spider-Man vs. Scorpion Street Showdown,Marvel,125.0,19.99,Yes
City Advent Calendar,City,313.0,29.99,No
Friends Advent Calendar,Friends,500.0,29.99,No
Arctic Ice Crawler,City,200.0,24.99,No
Burger Bar Fire Rescue,City,327.0,39.99,No
My First Puzzle Pets,DUPLO,18.0,9.99,No
1968 Ford Mustang Fastback,Speed Champions,183.0,14.99,Unknown
Elite Praetorian Guard Battle Pack,Star Wars,109.0,14.99,Yes
Wonder Woman vs. Cheetah,DC,371.0,39.99,Yes
Jay's Storm Fighter,NINJAGO,490.0,39.99,No
Forest Tractor,City,174.0,19.99,No
Mia's Horse Trailer,Friends,216.0,29.99,No
Andrea's Bedroom,Friends,85.0,9.99,No
Mountain Police Chase,Juniors,115.0,19.99,Unknown
Daredevil Stunt Plane,Creator 3-in-1,200.0,19.99,No
Rocket Rally Car,Creator 3-in-1,241.0,19.99,No
Dr. Fox Laboratory,Unikitty,359.0,29.99,No
Police Helicopter Chase,City,212.0,39.99,No
Stephanie's Obstacle Course,Friends,337.0,39.99,No
Baking Competition,Friends,361.0,39.99,No
Golden Mech,NINJAGO,489.0,39.99,No
Batman Batsub and the Underwater Clash,Batman,174.0,19.99,Yes
Batmobile: Pursuit of The Joker,Batman,342.0,29.99,Yes
Friends Advent Calendar,Friends,330.0,29.99,No
Mojo Jojo Strikes,Powerpuff Girls,228.0,29.99,Yes
Bricks and Gears,Classic,244.0,19.99,No
The Skull Arena,Minecraft,198.0,19.99,Yes
Mia's Bedroom,Friends,86.0,9.99,No
Han Solo's Landspeeder,Star Wars,345.0,29.99,Yes
Chewbacca,Star Wars,149.0,9.99,Yes
Farmers' Market,DUPLO,26.0,19.99,No
Inferno Squad Battle Pack,Star Wars,118.0,14.99,Yes
Spider-Man: Doc Ock Diamond Heist,Marvel,150.0,29.99,Yes
Batman: Brother Eye Takedown,Batman,269.0,29.99,Yes
Mr. Freeze Batcycle Battle,Batman,200.0,19.99,Yes
Outback Adventures,Creator 3-in-1,225.0,19.99,No
Jedi and Clone Troopers Battle Pack,Star Wars,102.0,14.99,Yes
Ferrari 488 GT3 Scuderia Corsa,Speed Champions,179.0,14.99,Unknown
The Bat-Dune Buggy,DC,198.0,19.99,Yes
Ambulance Helicopter,City,190.0,19.99,No
LEGO Movie Maker,THE LEGO MOVIE 2,482.0,49.99,No
Creative Tuning Shop,Friends,413.0,39.99,No
Dorado Showdown,Overwatch,419.0,29.99,Yes
Stormtrooper,Star Wars,124.0,9.99,Yes
Spinjitzu Lloyd vs. Garmadon,NINJAGO,208.0,19.99,No
Dozer Compactor,Technic,171.0,19.99,No
Beauxbatons' Carriage: Arrival at Hogwarts ,Harry Potter,430.0,49.99,Yes
Star Wars Advent Calendar,Star Wars,307.0,39.99,Yes
My First Celebration,DUPLO,41.0,14.99,No
Rhino Face-Off by the Mine,Marvel,229.0,19.99,Yes
Iron Man Hulkbuster versus A.I.M. Agent,Marvel,456.0,39.99,Yes
Junkrat & Roadhog,Overwatch,380.0,49.99,Yes
Tiger Hot Air Balloon Jungle Rescue,Friends,302.0,39.99,No
Avengers Truck Take-down,Marvel,477.0,39.99,Yes
Ocean Exploration Submarine,City,286.0,39.99,No
Townhouse Toy Store,Creator 3-in-1,554.0,39.99,No
Space Rover Explorer,Creator 3-in-1,510.0,39.99,No
Riverside Houseboat,Creator 3-in-1,396.0,39.99,No
Iron Man MK50,BrickHeadz,101.0,9.99,Unknown
Rebel A-wing Starfighter,Star Wars,62.0,14.99,Yes
Rapunzel's Castle Bedroom,Disney,156.0,19.99,Yes
Zane's Ninja Boat Pursuit,Juniors,131.0,19.99,Unknown
Stephanie's Gymnastics Show,Friends,241.0,29.99,No
The Redstone Battle,Minecraft,504.0,39.99,Yes
Creative Fun,Classic,900.0,39.99,No
Catamaran,Technic,404.0,49.99,No
Spider Mech vs. Venom ,Marvel,604.0,49.99,Yes
Pasaana Speeder Chase,Star Wars,373.0,39.99,Yes
Enchanted Tree House,LEGO Frozen 2,302.0,49.99,Yes
Pop Village Celebration,Trolls World Tour,380.0,49.99,Yes
Haunted Fairground,Hidden Side,466.0,49.99,No
Shrimp Shack Attack,Hidden Side,578.0,49.99,No
Newbury Abandoned Prison,Hidden Side,400.0,39.99,No
Thwomp Drop,LEGO Super Mario,393.0,39.99,Yes
1967 Mini Cooper S Rally and 2018 MINI John Cooper Works Buggy,Speed Champions,481.0,49.99,Unknown
Superman & Krypto Team-Up,DC,199.0,19.99,Yes
Black Ace TIE Interceptor,Star Wars,396.0,49.99,Yes
Andrea's Pool Party,Friends,468.0,49.99,No
Garage Centre,City,234.0,49.99,No
AT-ST Raider,Star Wars,540.0,49.99,Yes
Katana 4X4,NINJAGO,450.0,49.99,No
Batwing and The Riddler Heist,Batman,489.0,49.99,Yes
Fairground Carousel,Creator 3-in-1,595.0,49.99,No
Stephanie's Soccer Practice,Friends,119.0,14.99,No
Emma's Art Stand,Friends,210.0,19.99,No
Batman and The Joker Escape,Batman,171.0,39.99,Yes
The Hulkbuster Smash-Up,Marvel,375.0,29.99,Yes
Imperial Dropship ÃÂÃÂÃÂÃÂ 20th Anniversary Edition,Star Wars,125.0,19.99,Yes
Raptor Rescue Truck,Juniors,85.0,24.99,Unknown
Frozen Ice Castle,Disney,59.0,49.99,Yes
Throne Room Showdown,NINJAGO,221.0,19.99,No
Monster Burger Truck,Creator 3-in-1,499.0,49.99,No
WHACK!,Technic,135.0,19.99,No
Service Station,City,354.0,49.99,No
Anna & Olaf,BrickHeadz,201.0,14.99,Unknown
Andrea's Park Performance,Friends,229.0,24.99,No
The Flash,DC,122.0,9.99,Yes
Harry Potter Advent Calendar,Harry Potter,305.0,39.99,Yes
Darth Maul,Star Wars,104.0,29.99,Yes
Olivia's Deluxe Bedroom,Friends,163.0,14.99,No
Cloud-Rider Swoop Bikes,Star Wars,355.0,29.99,Yes
TIE Fighter Attack,Star Wars,77.0,19.99,Yes
Brick-built Minions and their Lair,Minions,876.0,49.99,Yes
Escape Pod vs. Dewback Microfighters,Star Wars,177.0,19.99,Yes
Destiny's Wing,NINJAGO,181.0,19.99,No
Mickey's Vacation House,Disney,57.0,49.99,Yes
Fire Station,DUPLO,76.0,49.99,No
Jay's Cyber Dragon,NINJAGO,518.0,49.99,No
Hydro-Man Attack,Marvel,471.0,39.99,Yes
Power Boat,Technic,174.0,14.99,No
Thunder Raider,NINJAGO,576.0,49.99,No
Police Helicopter Transport,City,317.0,49.99,No
The Lighthouse of Darkness,Hidden Side,540.0,49.99,No
D.Va & Reinhardt,Overwatch,455.0,39.99,Yes
Pirate Ship,Minecraft,386.0,39.99,Yes
Shimmer & Shine Sparkle Spa!,THE LEGO MOVIE 2,694.0,69.99,No
Modular Sweet Surprises,Creator 3-in-1,396.0,39.99,No
The Joker Batcave Attack,Batman,151.0,24.99,Yes
Olivia's Mission Vehicle,Friends,223.0,19.99,No
Modular Winter Vacation,Creator 3-in-1,374.0,34.99,No
Belle's Tea Party,Disney,19.0,19.99,Yes
Wyld-Mayhem Star Fighter,THE LEGO MOVIE 2,405.0,49.99,No
City Central Airport,Juniors,376.0,49.99,Unknown
Spider-Man vs. Electro,Marvel,29.0,19.99,Yes
Star Wars Advent Calendar,Star Wars,280.0,39.99,Yes
Drifting Diner,Friends,345.0,29.99,No
Gentle Giants Petting Zoo,Jurassic World,24.0,19.99,Yes
San Francisco,Architecture,565.0,49.99,Unknown
Ariel's Castle,Disney,115.0,24.99,Yes
Paranormal Intercept Bus 3000,Hidden Side,689.0,59.99,No
Porsche 919 Hybrid,Speed Champions,163.0,14.99,Unknown
Mickey's Boat,Disney,28.0,29.99,Yes
Baryonyx Face-Off: The Treasure Hunt,Jurassic World,434.0,59.99,Yes
Avengers Hulk Helicopter Rescue,Marvel,482.0,59.99,Yes
Iron Man Hall of Armour,Marvel,524.0,59.99,Yes
Hagrid's Hut: Buckbeak's Rescue,Harry Potter,496.0,59.99,Yes
Lighthouse Rescue Centre,Friends,602.0,59.99,No
Twin-Rotor Helicopter,Creator 3-in-1,569.0,59.99,No
Action Battle Echo Base Defence,Star Wars,504.0,59.99,Yes
Heartlake City Restaurant,Friends,624.0,59.99,No
Lunar Space Station,City,412.0,59.99,No
Andrea's Accessories Store,Friends,294.0,29.99,No
Triceratops Rampage,Jurassic World,447.0,59.99,Yes
Heartlake City Hospital,Friends,379.0,49.99,No
Thor's Weapon Quest,Marvel,223.0,19.99,Yes
Millennium Falcon Microfighter,Star Wars,92.0,9.99,Yes
Darth Vader,Star Wars,104.0,9.99,Yes
T. rex Tower,Jurassic World,22.0,29.99,Yes
Ahch-To Island Training,Star Wars,241.0,29.99,Yes
Spider-Man's Spider Crawler ,Marvel,418.0,39.99,Yes
Moloch's Landspeeder,Star Wars,464.0,39.99,Yes
Underminer's Bank Heist,Juniors,149.0,24.99,Unknown
Friendship Box,Friends,563.0,49.99,No
Paris,Architecture,649.0,49.99,Unknown
Emma's Deluxe Bedroom,Friends,183.0,14.99,No
Rapunzel's Travelling Caravan,Disney,323.0,39.99,Yes
Belle's Castle Winter Celebration,Disney,238.0,49.99,Yes
Joker's Trike Chase,Batman,440.0,49.99,Yes
Stephanie's Lakeside House,Friends,215.0,34.99,No
Gallimimus and Pteranodon Breakout,Jurassic World,391.0,49.99,Yes
Kai's Blade Cycle & Zane's Snowmobile,NINJAGO,376.0,29.99,No
Lamborghini Urus ST-X & HuracÃÂÃÂÃÂÃÂ¡n Super Trofeo EVO ,Speed Champions,663.0,49.99,Unknown
Beach House,Friends,444.0,49.99,No
Guarded Fortress,LEGO Super Mario,468.0,49.99,Yes
Deluxe Brick Box,DUPLO,85.0,49.99,No
Las Vegas,Architecture,501.0,39.99,Unknown
Stunt Show Truck & Bike,Technic,610.0,49.99,No
Chevrolet Corvette ZR1,Technic,579.0,49.99,No
Stygimoloch Breakout,Jurassic World,222.0,29.99,Yes
Ocean's Bottom,Classic,579.0,29.99,No
Police Monster Truck Heist,City,362.0,59.99,No
Death Star Escape,Star Wars,329.0,29.99,Yes
Mia's Tree House,Friends,351.0,29.99,No
Andrea's Talent Show,Friends,492.0,49.99,No
Steam Train,DUPLO,59.0,59.99,No
Boba Fett,Star Wars,625.0,59.99,Yes
Fire Plane,City,363.0,59.99,No
Porsche 911 RSR and 911 Turbo 3.0,Speed Champions,391.0,29.99,Unknown
Peter Venkman & Slimer,BrickHeadz,228.0,19.99,Unknown
Harvester Transport,City,358.0,29.99,No
Stormtrooper,Star Wars,647.0,59.99,Yes
Resistance Y-wing Starfighter,Star Wars,578.0,69.99,Yes
Stark Jet and the Drone Attack,Spider-Man,504.0,69.99,Yes
Hogwarts Whomping Willow,Harry Potter,753.0,69.99,Yes
Major Vonreg's TIE Fighter,Star Wars,496.0,69.99,Yes
Fire Station,City,509.0,69.99,No
Large Playground Brick Box,DUPLO,71.0,49.99,No
Tokyo,Architecture,547.0,59.99,Unknown
D-O,Star Wars,519.0,69.99,Yes
Dubai,Architecture,740.0,59.99,Unknown
Emma's Art Studio,Friends,235.0,24.99,No
The Flintstones,Ideas,748.0,59.99,Unknown
Lex Luthor Mech Takedown,DC,406.0,39.99,Yes
Pop-Up Party Bus,THE LEGO MOVIE 2,1024.0,79.99,No
The Illager Raid,Minecraft,562.0,59.99,Yes
The Big Race Day,Friends,648.0,59.99,No
Avengers Wrath of Loki,Marvel,223.0,59.99,Yes
Central Airport,City,286.0,59.99,No
The Great Home Escape,Juniors,178.0,29.99,Unknown
Shanghai,Architecture,597.0,59.99,Unknown
Tropical Island,DUPLO,73.0,59.99,No
Modular Playhouse,DUPLO,129.0,59.99,No
Iron Man,Marvel,480.0,59.99,Yes
Phantom Fire Truck 3000,Hidden Side,760.0,59.99,No
Central Perk,Ideas,1070.0,59.99,Unknown
Dinosaur Fossils,Ideas,910.0,59.99,Unknown
Batman Mech vs. Poison Ivy Mech ,Batman,375.0,39.99,Yes
Mobile Stunt Show,Creator 3-in-1,581.0,49.99,No
The Melon Farm,Minecraft,69.0,14.99,Yes
Mia's House,Friends,715.0,69.99,No
Hermione Granger,BrickHeadz,127.0,9.99,Unknown
Street Race of Snake Jaguar,NINJAGO,308.0,29.99,No
Snoke's Throne Room,Star Wars,492.0,69.99,Yes
Hogwarts Express,Harry Potter,801.0,79.99,Yes
Elsa's Ice Palace,LEGO Frozen 2,701.0,79.99,Yes
Arendelle Castle,LEGO Frozen 2,521.0,79.99,Yes
Yoda's Hut,Star Wars,229.0,29.99,Yes
Dirt Road Pursuit,City,297.0,39.99,No
Emmet and Lucy's Escape Buggy!,THE LEGO MOVIE 2,550.0,49.99,No
Cruising Adventures,Creator 3-in-1,597.0,59.99,No
Royal Talon Fighter Attack,Marvel,358.0,29.99,Yes
Pickup & Caravan,City,344.0,29.99,No
Arctic Air Transport,City,277.0,39.99,No
Bastion,Overwatch,602.0,49.99,Yes
Aladdin's and Jasmine's Palace Adventures,Disney,193.0,29.99,Yes
The Polar Igloo,Minecraft,278.0,29.99,Yes
Watchpoint: Gibraltar,Overwatch,730.0,89.99,Yes
Unikingdom Creative Brick Box,Unikitty,433.0,39.99,No
Blue's Helicopter Pursuit,Jurassic World,397.0,39.99,Yes
Stephanie's Sports Arena,Friends,460.0,44.99,No
Ducati Panigale V4 R,Technic,646.0,69.99,No
Heavy Cargo Transport,City,310.0,29.99,No
Heartlake City Airplane,Friends,574.0,69.99,No
4 Privet Drive,Harry Potter,797.0,69.99,Yes
Friendship Bus,Friends,778.0,69.99,No
Caravan Family Holiday,Creator 3-in-1,766.0,69.99,No
People Pack - Outdoor Adventures,City,164.0,39.99,No
Tactical Batman & Superman,BrickHeadz,209.0,19.99,Unknown
Mining Heavy Driller,City,294.0,49.99,No
International Space Station,Ideas,864.0,69.99,Unknown
Knights of Ren Transport Ship,Star Wars,595.0,69.99,Yes
The Crafting Box 3.0,Minecraft,564.0,69.99,Yes
The Nether Portal,Minecraft,470.0,39.99,Yes
T. Rex Breakout,Juniors,150.0,49.99,Unknown
Empire Temple of Madness,NINJAGO,810.0,79.99,No
Lloyd's Titan Mech,NINJAGO,876.0,79.99,No
Monastery of Spinjitzu,NINJAGO,1070.0,79.99,No
Mos Eisley Cantina,Star Wars,376.0,39.99,Yes
S.O.G. Headquarters,NINJAGO,530.0,39.99,No
First Order AT-ST,Star Wars,370.0,39.99,Yes
Townhouse Pet Shop & CafÃÂÃÂÃÂÃÂ©,Creator 3-in-1,969.0,79.99,No
Arctic Scout Truck,City,322.0,59.99,No
Spider-Man & Hulk Adventures,DUPLO,38.0,29.99,No
General Grievous' Combat Speeder,Star Wars,157.0,29.99,Yes
Sunshine Surfer Van,Creator 3-in-1,379.0,34.99,No
The Nether Fight,Minecraft,84.0,14.99,Yes
Racing Yacht,Technic,330.0,39.99,No
Trafalgar Square,Architecture,1197.0,79.99,Unknown
The Ultra Dragon,NINJAGO,951.0,84.99,No
Ariel & Ursula,BrickHeadz,361.0,19.99,Unknown
Darth Vader,Star Wars,168.0,39.99,Yes
TRON: Legacy,Ideas,230.0,34.99,Unknown
Clone Scout Walker ÃÂÃÂÃÂÃÂ 20th Anniversary Edition,Star Wars,250.0,29.99,Yes
General Grievous's Starfighter,Star Wars,487.0,79.99,Yes
Sith TIE Fighter,Star Wars,470.0,79.99,Yes
Venomosaurus Ambush,Marvel,640.0,79.99,Yes
The Creeper Mine,Minecraft,834.0,79.99,Yes
Ocean Exploration Base,City,497.0,79.99,No
Jungle Rescue Base,Friends,648.0,79.99,No
Avengers Ultimate Quinjet,Marvel,840.0,79.99,Yes
Avengers Compound Battle,Marvel,699.0,99.99,Yes
Party Boat,Friends,640.0,79.99,No
Remote-Controlled Stunt Racer,Technic,324.0,99.99,No
Rescue Mission Boat,Friends,908.0,89.99,No
Donut Shop Opening,City,790.0,89.99,No
Great Wall of China,Architecture,551.0,49.99,Unknown
Ariel's Royal Celebration Boat,Disney,380.0,49.99,Yes
Mountain Arrest,City,303.0,59.99,No
Modular Skate House,Creator 3-in-1,422.0,39.99,No
Harry Potter & Hedwig,BrickHeadz,180.0,14.99,Unknown
Farm Pony Stable,DUPLO,59.0,29.99,No
First Responder,Technic,513.0,49.99,No
Air Base,City,529.0,89.99,No
Emma's Art CafÃÂÃÂÃÂÃÂ©,Friends,378.0,32.99,No
Emmet's Dream House/Rescue Rocket!,THE LEGO MOVIE 2,706.0,69.99,No
Diamond Heist,City,400.0,59.99,No
AT-AP Walker,Star Wars,689.0,59.99,Yes
Pop-Up Book,Ideas,859.0,69.99,Unknown
Snowspeeder ÃÂÃÂÃÂÃÂ 20th Anniversary Edition,Star Wars,309.0,39.99,Yes
Go Brick Me,BrickHeadz,708.0,29.99,Unknown
Poe Dameron's X-wing Fighter,Star Wars,761.0,89.99,Yes
T. rex vs Dino-Mech Battle,Jurassic World,716.0,89.99,Yes
Hogwarts Clock Tower,Harry Potter,922.0,89.99,Yes
Mission to Mars,Classic,871.0,59.99,No
Avengers Tower Battle,Marvel,685.0,89.99,Yes
Mobile Bat Base,DC,743.0,89.99,Yes
Fiat 500,Creator Expert,960.0,89.99,Unknown
Steamboat Willie,Ideas,751.0,89.99,Unknown
Yoda,Star Wars,1771.0,99.99,Yes
Castle of the Forsaken Emperor,NINJAGO,1218.0,99.99,No
Deep Space Rocket and Launch Control,City,837.0,99.99,No
Downtown Fire Brigade,City,943.0,99.99,No
Thanos: Ultimate Battle,Marvel,674.0,69.99,Yes
Queen Watevra's ÃÂÃÂÃÂÃÂSo-Not-Evil' Space Palace,THE LEGO MOVIE 2,997.0,99.99,No
Stormbringer,NINJAGO,493.0,39.99,No
Adventures with Mario,LEGO Super Mario,231.0,59.99,Yes
"Ariel, Aurora, and Tiana's Royal Celebration",Disney,282.0,39.99,Yes
Oni Titan,NINJAGO,522.0,49.99,No
Boba Fett,Star Wars,144.0,29.99,Yes
Cole's Earth Driller ,NINJAGO,587.0,49.99,No
World Animals,DUPLO,121.0,99.99,No
Statue of Liberty,Architecture,1685.0,119.99,Unknown
Rapunzel's Tower,DUPLO,37.0,29.99,No
NASA Apollo 11 Lunar Lander,Creator Expert,1087.0,99.99,Unknown
Harley-Davidson Fat Boy,Creator Expert,1023.0,99.99,Unknown
Batcave Clayface Invasion,Batman,1038.0,99.99,Yes
The White House,Architecture,1483.0,99.99,Unknown
Dom's Dodge Charger,Technic,1077.0,99.99,No
Passenger Airplane,City,669.0,99.99,No
Summer Fun Water Park,Friends,1001.0,99.99,No
Pirate Ship,Creator 3-in-1,1264.0,99.99,No
Range Trooper,Star Wars,101.0,24.99,Yes
Sweet Mayhem's Systar Starship!,THE LEGO MOVIE 2,502.0,69.99,No
Indominus rex vs. Ankylosaurus,Jurassic World,537.0,99.99,Yes
Crocodile Locomotive,Creator Expert,1271.0,99.99,Unknown
Hogwarts Astronomy Tower,Harry Potter,971.0,99.99,Yes
Hogwarts Great Hall,Harry Potter,878.0,99.99,Yes
Gingerbread House,Creator Expert,1477.0,99.99,Unknown
Rex's Rexplorer!,THE LEGO MOVIE 2,1187.0,119.99,No
Mobile Crane,Technic,1292.0,99.99,No
Mystery Castle,Hidden Side,1035.0,99.99,No
Police Station,City,743.0,99.99,No
Tuning Workshop,City,897.0,99.99,No
Ghost Train Express,Hidden Side,698.0,79.99,No
Defense of Crait,Star Wars,746.0,84.99,Yes
Imperial AT-Hauler,Star Wars,829.0,99.99,Yes
Arctic Supply Plane,City,707.0,79.99,No
Ninja Nightcrawler,NINJAGO,552.0,39.99,No
T. Rex Transport,Jurassic World,609.0,69.99,Yes
Empire State Building,Architecture,1767.0,129.99,Unknown
Imperial Conveyex Transport,Star Wars,622.0,89.99,Yes
Land Bounty,NINJAGO,1178.0,129.99,No
Heartlake City Amusement Pier,Friends,1251.0,129.99,No
Speed Force Freeze Pursuit,DC,271.0,29.99,Yes
Avengers Helicarrier,Marvel,1244.0,119.99,Yes
Andy Warhol's Marilyn Monroe,LEGO Art,3341.0,119.99,Unknown
Slave I - 20th Anniversary Edition,Star Wars,1007.0,119.99,Yes
The Beatles,LEGO Art,2933.0,119.99,Unknown
Star Wars The Sith,LEGO Art,3406.0,119.99,Unknown
Firstbourne,NINJAGO,882.0,69.99,No
Corvus Glaive Thresher Attack,Marvel,416.0,39.99,Yes
Heavy Duty Forklift,Technic,592.0,69.99,No
Porsche 911 RSR,Technic,1580.0,149.99,No
Cargo Train,DUPLO,105.0,119.99,No
Hovercraft,Technic,1020.0,89.99,No
App-Controlled Top Gear Rally Car,Powered UP,463.0,129.99,No
Kylo Ren's Shuttle,Star Wars,1005.0,129.99,Yes
Darth Vader's Castle,Star Wars,1060.0,129.99,Yes
Ferrari Ultimate Garage,Speed Champions,841.0,99.99,Unknown
Newbury Haunted High School,Hidden Side,1474.0,129.99,No
The Razor Crest,Star Wars,1023.0,129.99,Yes
Porg,Star Wars,811.0,69.99,Yes
Tracked Loader,Technic,827.0,79.99,No
Passenger Train,City,677.0,159.99,No
Rocket Assembly &Transport,City,1055.0,149.99,No
Carnotaurus Gyrosphere Escape,Jurassic World,577.0,79.99,Yes
Sleeping Beauty's Fairytale Castle,Disney,322.0,39.99,Yes
App-Controlled Batmobile,DC,321.0,99.99,Yes
The Skeleton Attack,Minecraft,457.0,39.99,Yes
Mia's Camper Van,Friends,488.0,54.99,No
Mountain Police Headquarters,City,663.0,89.99,No
Droid Gunship,Star Wars,389.0,49.99,Yes
Ford Mustang,Creator Expert,1471.0,149.99,Unknown
Ocean Exploration Ship,City,745.0,149.99,No
The Bat-Space Shuttle,DC,643.0,79.99,Yes
Ship in a Bottle,Ideas,962.0,69.99,Unknown
Arctic Mobile Exploration Base,City,786.0,119.99,No
Forest Harvester,Technic,1003.0,149.99,No
Cinderella's Dream Castle,Disney,585.0,69.99,Yes
Millennium Falcon,Star Wars,1353.0,159.99,Yes
Killow vs. Samurai X,NINJAGO,556.0,49.99,No
Heartlake City Pet Centre,Friends,474.0,59.99,No
Rally Car,Technic,1005.0,109.99,No
The Bedrock Adventures,Minecraft,644.0,89.99,Yes
X-wing Starfighter,Star Wars,730.0,79.99,Yes
Compact Crawler Crane,Technic,920.0,99.99,No
Pirate Roller Coaster,Creator 3-in-1,923.0,89.99,No
Imperial Landing Craft,Star Wars,636.0,89.99,Yes
Volvo Concept Wheel Loader ZEUX,Technic,1167.0,139.99,No
Land Rover Defender,Technic,2573.0,199.99,No
Car Transporter,Technic,2493.0,179.99,No
Bookshop,Creator Expert,2504.0,179.99,Unknown
Cargo Train,City,1227.0,229.99,No
Friendship House,Friends,722.0,69.99,No
Vestas Wind Turbine,Creator Expert,826.0,199.99,Unknown
The Hulkbuster: Ultron Edition,Marvel,1363.0,119.99,Yes
Dragon Pit,NINJAGO,1660.0,129.99,No
Sanctum Sanctorum Showdown,Marvel,1004.0,99.99,Yes
Droid Commander,Star Wars,1177.0,199.99,Yes
The Farm Cottage ,Minecraft,549.0,49.99,Yes
The Upside Down,Stranger Things,2287.0,199.99,Yes
Corner Garage,Creator Expert,2569.0,199.99,Unknown
Tantive IV,Star Wars,1768.0,199.99,Yes
A-wing Starfighter,Star Wars,1673.0,199.99,Yes
Pirates of Barracuda Bay,Ideas,2545.0,199.99,Unknown
Imperial TIE Fighter,Star Wars,519.0,69.99,Yes
Indoraptor Rampage at Lockwood Estate,Jurassic World,1019.0,129.99,Yes
City Hospital,City,861.0,99.99,No
Dieselnaut,NINJAGO,1179.0,109.99,No
Sandcrawler,Star Wars,1239.0,139.99,Yes
4x4 X-Treme Off-Roader,Powered UP,958.0,249.99,No
The Rexcelsior!,THE LEGO MOVIE 2,1826.0,149.99,No
Heartlake City Resort,Friends,1017.0,99.99,No
AT-AT,Star Wars,1267.0,159.99,Yes
Mining Experts Site,City,883.0,99.99,No
Capital City,City,1211.0,149.99,No
6x6 Volvo Articulated Hauler,Technic,2193.0,249.99,No
Downtown Diner,Creator Expert,2480.0,169.99,Unknown
Kessel Run Millennium Falcon,Star Wars,1414.0,169.99,Yes
Temple of Resurrection,NINJAGO,765.0,69.99,No
Rough Terrain Crane,Technic,4057.0,299.99,No
Old Trafford - Manchester United,Creator Expert,3898.0,299.99,Unknown
Farm Adventures,DUPLO,104.0,59.99,No
Mack Anthem,Technic,2595.0,179.99,No
Bugatti Chiron,Technic,3599.0,349.99,No
Roller Coaster,Creator Expert,4124.0,379.99,Unknown
Voltron,Ideas,2321.0,179.99,Unknown
Hogwarts Castle,Harry Potter,6020.0,399.99,Yes
NINJAGO City Docks,NINJAGO,3553.0,229.99,No
Liebherr R 9800,Powered UP,4108.0,449.99,No
Betrayal at Cloud City,Star Wars,2812.0,349.99,Yes
Imperial Star Destroyer,Star Wars,4784.0,699.99,Yes
Battle of Endor,Star Wars,197.0,14.99,Yes
Mini Frame,DOTS,85.0,4.99,No
Creative Picture Frames,DOTS,398.0,19.99,No
Farm - Girl,DUPLO,4.0,3.49,No
Monkie Kid's Delivery Bike,Monkie Kid,22.0,4.99,No
Road Worker,City,58.0,3.99,No
Police Water Plane,City,48.0,3.99,No
Arctic Ice Saw,City,43.0,3.99,No
Space Satellite,City,36.0,3.99,No
Beach Buggy,City,45.0,4.99,No
Baby Velociraptor Playpen,Jurassic World,48.0,3.99,Yes
Olivia's Remote Control Boat,Friends,25.0,3.99,No
Unikitty Roller Coaster Wagon,Unikitty,46.0,3.99,No
Chocolate Box & Flower,Friends,75.0,4.99,No
Royal Talon Fighter,Marvel,59.0,3.99,Yes
Rex's Plantimal Ambush,THE LEGO MOVIE 2,32.0,3.99,No
The Guardians' Ship,Marvel,69.0,3.99,Yes
Poppy's Carriage,Trolls World Tour,51.0,4.99,Yes
DJ,Star Wars,22.0,4.99,Yes
Traffic Lights,Xtra,46.0,3.99,No
Streetlamps,Xtra,34.0,3.99,No
Ninjago Minifigure Pack,NINJAGO,59.0,12.99,No
Spider-Man and the Museum Break-In,Marvel,49.0,14.99,Yes
Summer Celebration Minifigure Pack,Minifigures,45.0,12.99,Unknown
Police MF Accessory Set,Minifigures,42.0,12.99,Unknown
Fairground Accessory Set,Minifigures,51.0,12.99,Unknown
Sports Accessories,Xtra,36.0,3.99,No
Botanical Accessories,Xtra,32.0,3.99,No
Falcon & Black Widow Team-Up,Marvel,60.0,14.99,Yes
Spinjitzu Burst - Cole,NINJAGO,48.0,9.99,No
Spinjitzu Burst Lloyd,NINJAGO,48.0,9.99,No
Golden Zane Accessory Set ,NINJAGO,73.0,12.99,No
Stephanie's Play Cube - Beauty Salon,Friends,44.0,9.99,No
Andrea's Jungle Play Cube,Friends,47.0,9.99,No
Stephanie's Jungle Play Cube,Friends,41.0,9.99,No
Olivia's Jungle Play Cube,Friends,51.0,9.99,No
Mia's Jungle Play Cube,Friends,43.0,9.99,No
Obi-Wan Kenobi - Collectable Minifigure,Star Wars,12.0,3.99,Yes
My First Dinosaur,DUPLO,7.0,3.49,No
Hogwarts Students Accessory Set,Harry Potter,53.0,14.99,Yes
My First Balancing Animals,DUPLO,15.0,14.99,No
Bulldozer,DUPLO,10.0,9.99,No
Creative Fun,DUPLO,120.0,39.99,No
Truck & Tracked Excavator,DUPLO,20.0,19.99,No
Mister Miracle,DC,9.0,4.99,Yes
PiÃÂÃÂÃÂÃÂ±ata Boy,Minifigures,8.0,4.99,Unknown
Batcave,Batman,33.0,29.99,Yes
Ariel's Undersea Castle,Disney,35.0,29.99,Yes
Creative Animals,DUPLO,175.0,59.99,No
Harry Potter,Harry Potter,8.0,4.99,Yes
Cute Pug,Creator 3-in-1,68.0,3.99,No
Wrecking Ball Demolition,DUPLO,56.0,59.99,No
Thanksgiving Turkey,BrickHeadz,114.0,9.99,Unknown
Lightning McQueen's Race Day,Disney,42.0,29.99,Yes
Donald Duck,Disney,90.0,9.99,Yes
Emma's Pet Party,Friends,67.0,9.99,No
Wonder Woman,BrickHeadz,143.0,9.99,Unknown
Easter Chick,BrickHeadz,120.0,9.99,Unknown
Olaf's Traveling Sleigh,Disney,97.0,12.99,Yes
Valentine's Bear,BrickHeadz,150.0,9.99,Unknown
Lucky Cat,BrickHeadz,134.0,9.99,Unknown
Birthday Clown,BrickHeadz,150.0,9.99,Unknown
Valentine's Puppy,BrickHeadz,147.0,9.99,Unknown
Dragon Dance Guy,BrickHeadz,170.0,9.99,Unknown
Lady Liberty,BrickHeadz,153.0,9.99,Unknown
Easter Sheep,BrickHeadz,192.0,9.99,Unknown
Wedding Bride,BrickHeadz,306.0,12.99,Unknown
Wedding Groom,BrickHeadz,255.0,12.99,Unknown
Fun Future,Classic,186.0,9.99,No
Tower Crane & Construction,DUPLO,123.0,129.99,No
Lucy's Builder Box!,THE LEGO MOVIE 2,141.0,29.99,No
Emmet's Builder Box!,THE LEGO MOVIE 2,125.0,29.99,No
Quantum Realm Explorers,Marvel,200.0,19.99,Yes
Moana's Island Home,Disney,202.0,29.99,Yes
People Pack - Space Research and Development,City,209.0,39.99,No
Wu's Battle Dragon,NINJAGO,321.0,19.99,No
Iron Man Armory,Marvel,258.0,29.99,Yes
Bricks Bricks Bricks,Classic,1500.0,59.99,No
Marty McFly & Doc Brown,BrickHeadz,240.0,19.99,Unknown
Diagon Alley,Harry Potter,374.0,19.99,Yes
Dilophosaurus Outpost Attack,Jurassic World,289.0,39.99,Yes
Ron Weasley & Albus Dumbledore,BrickHeadz,245.0,19.99,Unknown
Battle of Hoth - 20th Anniversary Edition,Star Wars,195.0,14.99,Yes
Goofy & Pluto,Disney,214.0,14.99,Yes
Mulan's Training Grounds,Disney,157.0,29.99,Yes
Funny Octopus Ride,Friends,324.0,39.99,No
Kylo Ren & Sith Trooper,Star Wars,240.0,19.99,Yes
Owen & Blue,BrickHeadz,234.0,19.99,Unknown
Black Widow's Helicopter Chase,Marvel,271.0,29.99,Yes
Venom Crawler,Marvel,413.0,29.99,Yes
Armored Assault Tank (AAT),Star Wars,286.0,39.99,Yes
Captain Marvel and The Skrull Attack,Marvel,307.0,29.99,Yes
Mr. & Mrs. Claus,BrickHeadz,341.0,19.99,Unknown
Death Star II Battle,Star Wars,235.0,14.99,Yes
501st Legion Clone Troopers,Star Wars,285.0,29.99,Yes
Hoth Medical Chamber,Star Wars,255.0,29.99,Yes
Sandspeeder,Star Wars,278.0,29.99,Yes
Bricks and Eyes ,Classic,451.0,29.99,No
Stephanie's House,Friends,170.0,39.99,No
Emmet's Triple-Decker Couch Mech,THE LEGO MOVIE 2,312.0,29.99,No
Journey to the Skull Dungeons,NINJAGO,401.0,29.99,No
Bespin Duel,Star Wars,295.0,39.99,Yes
White Dragon Horse Bike,Monkie Kid,259.0,34.99,No
"Reindeer, Elf and Elfie",BrickHeadz,281.0,19.99,Unknown
Storm Fighter Battle,NINJAGO,165.0,29.99,No
Bricks and Animals,Classic,1500.0,59.99,No
Spinning Brushes Car Wash,Friends,325.0,29.99,No
Air Race,City,140.0,39.99,No
Bricks and Lights,Classic,441.0,29.99,No
Quidditch Match,Harry Potter,500.0,39.99,Yes
Iron Bull Tank,Monkie Kid,430.0,49.99,No
Rainbow Caterbus,Trolls World Tour,395.0,39.99,Yes
Kai Fighter,NINJAGO,513.0,39.99,No
Jurassic Park Velociraptor Chase ,Jurassic World,360.0,39.99,Yes
Winter Village Fire Station,Creator Expert,1166.0,99.99,Unknown
Fire Stone Mech,NINJAGO,968.0,69.99,No
Death Star Final Duel,Star Wars,775.0,99.99,Yes
Resistance I-TS Transport,Star Wars,932.0,99.99,Yes
Bricks Bricks Plates,Classic,1504.0,69.99,No
TIE Fighter Pilot,Star Wars,724.0,59.99,Yes
Hedwig,Harry Potter,630.0,39.99,Yes
Tree House Treasures ,Creator 3-in-1,260.0,29.99,No
Monkie Kid's Cloud Jet,Monkie Kid,390.0,59.99,No
Zane's Mino Creature,NINJAGO,616.0,49.99,No
James Bond Aston Martin DB5,Creator Expert,1295.0,149.99,Unknown
Attack on The Burrow,Harry Potter,1047.0,99.99,Yes
Police Brick Box,City,301.0,39.99,No
Outback Cabin,Creator 3-in-1,305.0,29.99,No
Demon Bull King,Monkie Kid,585.0,89.99,No
Skull Sorcerer's Dragon,NINJAGO,1016.0,79.99,No
Vibe City Concert,Trolls World Tour,494.0,59.99,Yes
Alpaca Mountain Jungle Rescue,Friends,512.0,59.99,No
Pigsy's Food Truck,Monkie Kid,455.0,69.99,No
Concrete Mixer Truck,Technic,1163.0,119.99,No
Heartlake City Brick Box,Friends,321.0,39.99,No
Y-wing Starfighter,Star Wars,1967.0,199.99,Yes
Mickey Mouse and Minnie Mouse,Disney,1739.0,179.99,Yes
Red Son's Inferno Truck,Monkie Kid,1111.0,119.99,No
Skull Sorcerer's Dungeons,NINJAGO,1171.0,99.99,No
Monkey King Warrior Mech,Monkie Kid,975.0,149.99,No
Haunted House,Creator Expert,3231.0,249.99,Unknown
Destiny's Bounty,NINJAGO,1781.0,129.99,No
Ski Resort,City,806.0,89.99,No
Disney Train and Station,Powered UP,2925.0,329.99,No
1989 Batmobile,Batman,3306.0,249.99,Yes
Tree House,Ideas,3036.0,199.99,Unknown
Welcome to Apocalypseburg!,THE LEGO MOVIE 2,3178.0,299.99,No
Jurassic Park: T. rex Rampage,Jurassic World,3120.0,249.99,Yes
Monkie Kid's Team Secret HQ,Monkie Kid,1105.0,169.99,No
Grand Piano,Ideas,3662.0,349.99,Unknown
Lamborghini SiÃÂÃÂÃÂÃÂ¡n FKP 37,Technic,3696.0,379.99,No
Lamborghini HuracÃÂÃÂÃÂÃÂ¡n Super Trofeo EVO,Speed Champions,70.0,4.99,Unknown
Marvel Studios Iron Man,LEGO Art,3167.0,119.99,Unknown
Food Accessories,Xtra,30.0,3.99,No
Botanical Accessories,Xtra,24.0,3.99,No
Bicycles,Xtra,21.0,3.99,No
Sea Accessories,Xtra,24.0,3.99,No
Monkey King,BrickHeadz,175.0,9.99,Unknown
Batman,LEGO Brick Sketches,115.0,19.99,Unknown
First Order Stormtrooper,Star Wars,151.0,19.99,Yes
Hagrid & Buckbeak,Harry Potter,270.0,19.99,Yes
Frankenstein,BrickHeadz,108.0,9.99,Unknown
The Joker,LEGO Brick Sketches,170.0,19.99,Unknown
BB-8,Star Wars,171.0,19.99,Yes
Friends Advent Calendar,Friends,236.0,29.99,No
Coding Express,LEGO Education,234.0,198.95,No
Tubes,LEGO Education,150.0,139.95,No
My XL World,LEGO Education,480.0,239.95,No
Expansion Set,LEGO Education,603.0,99.95,No
City Advent Calendar,City,342.0,29.99,No
Main Square,City,1517.0,199.99,No
Paragoomba,LEGO Super Mario,23.0,4.99,Yes
Nintendo Entertainment System,LEGO Super Mario,2646.0,229.99,Yes
King Boo and the Haunted Yard,LEGO Super Mario,431.0,49.99,Yes
Star Wars Advent Calendar,Star Wars,311.0,39.99,Yes
Mos Eisley Cantina,Star Wars,3187.0,349.99,Yes
Diagon Alley,Harry Potter,5544.0,399.99,Yes
Harry Potter Advent Calendar,Harry Potter,335.0,39.99,Yes
Wonder Woman,DC,255.0,39.99,Yes
Sandy's Speedboat,Monkie Kid,394.0,59.99,No
Monkie Kid's Cloud Roadster,Monkie Kid,659.0,69.99,No
The Flaming Foundry,Monkie Kid,1427.0,139.99,No
Headlight Set,Powered UP,1.0,9.99,No
Boost Hub,Powered UP,1.0,79.99,No
Distance Sensor,Powered UP,1.0,13.99,No
Motor,Powered UP,1.0,16.99,No
Hub,Powered UP,1.0,49.99,No
Remote Control,Powered UP,1.0,22.99,No
Train motor,Powered UP,7.0,13.99,No
Technic Hub,Powered UP,1.0,89.99,No
Technic Large Motor,Powered UP,1.0,39.99,No
Technic XL Motor,Powered UP,1.0,39.99,No
Rainbow Bracelet,DOTS,33.0,4.99,No
Rapunzel's Tower,Disney,369.0,59.99,Yes
Aurora's Forest Cottage,Disney,300.0,39.99,Yes
SPIKE Prime Set,LEGO Education,528.0,329.95,No
Mario's House & Yoshi,LEGO Super Mario,205.0,29.99,Yes
Toad's Treasure Hunt,LEGO Super Mario,464.0,69.99,Yes
Bowser's Castle Boss Battle,LEGO Super Mario,1010.0,99.99,Yes
Propeller Mario Power-Up Pack,LEGO Super Mario,13.0,9.99,Yes
